id,pred,prob
01.jpg,house,0.3602503538131714
02.jpg,tree,0.34672480821609497
03.jpg,house,0.501397430896759
04.jpg,tree,0.5847375988960266
05.jpg,house,0.4716167151927948
06.jpg,turtle,0.8202417492866516
07.jpg,house,0.6447232365608215
08.jpg,record-player,0.4410797953605652
09.jpg,record-player,0.6499846577644348
10.jpg,tree,0.5622061491012573
